{
  "id": "wfrp4e-advanced-criticals",
  "title": "WFRP4e - Expanded criticals",
  "version": "0.2",
  "compatibility": {
    "minimum": "12",
    "verified": "12"
  },
  "relationships": {
    "systems": [
      {
        "id": "wfrp4e",
        "type": "system",
        "compatibility": {
          "minimum": "8.0.2",
          "verified": "8.0.4"
        }
      }
    ]
  },
  "description": "A module adding alternative critical tables for WFRP4ed for different kinds of damage source.",
  "authors": [
    {
      "name": "artantares",
      "discord": "artantares",
      "url": "https://github.com/artptz/wfrp4e-darto"
    },
    {
      "name": "Forien",
      "discord": "forien#2130",
      "flags": {}
    }
  ],
  "esmodules": [
    "wfrp4e-adv-criticals.mjs"
  ],
  "packs": [
    {
      "name": "items",
      "label": "Expanded Criticals",
      "path": "packs/items",
      "type": "Item",
      "system": "wfrp4e",
      "ownership": {
        "PLAYER": "OBSERVER",
        "ASSISTANT": "OWNER"
      },
      "flags": {}
    },
    {
      "name": "rolltables",
      "label": "Expanded Criticals Rolltables",
      "path": "packs/rolltables",
      "type": "RollTable",
      "ownership": {
        "PLAYER": "OBSERVER",
        "ASSISTANT": "OWNER"
      },
      "system": "wfrp4e",
      "flags": {}
    },
    {
      "name": "macros",
      "label": "Expanded Criticals Macros",
      "path": "packs/macros",
      "type": "Macro",
      "ownership": {
        "PLAYER": "OBSERVER",
        "ASSISTANT": "OWNER"
      },
      "system": "wfrp4e",
      "flags": {}
    }
  ],
  "packFolders": [
    {
      "name": "Expanded Criticals",
      "sorting": "m",
      "packs": [
        "items",
        "rolltables",
        "macros"
      ],
      "color": "#e71313",
      "folders": []
    }
  ],
  "manifest": "https://raw.githubusercontent.com/artptz/wfrp4e-advanced-criticals/main/module.json",
  "download": "https://github.com/artptz/wfrp4e-advanced-criticals/archive/main.zip"
}
